Workbook

Sheet Bitcoin
A1: =IFERROR(__xludf.DUMMYFUNCTION("GOOGLEFINANCE(""CURRENCY:BTCINR"", ""price"", DATE(2025,7,28), DATE(2026,7,28), ""DAILY"")"),"Date") -> Date | B1: =IFERROR(__xludf.DUMMYFUNCTION("""COMPUTED_VALUE"""),"Close") -> Close
A2: =IFERROR(__xludf.DUMMYFUNCTION("""COMPUTED_VALUE"""),45866.99861111111) -> 45866.999 | B2: =IFERROR(__xludf.DUMMYFUNCTION("""COMPUTED_VALUE"""),1.03511532E7) -> 10351153
A3: =IFERROR(__xludf.DUMMYFUNCTION("""COMPUTED_VALUE"""),45867.99861111111) -> 45867.999 | B3: =IFERROR(__xludf.DUMMYFUNCTION("""COMPUTED_VALUE"""),1.033937314E7) -> 10339373
A4: =IFERROR(__xludf.DUMMYFUNCTION("""COMPUTED_VALUE"""),45868.99861111111) -> 45868.999 | B4: =IFERROR(__xludf.DUMMYFUNCTION("""COMPUTED_VALUE"""),1.036577811E7) -> 10365778
A5: =IFERROR(__xludf.DUMMYFUNCTION("""COMPUTED_VALUE"""),45869.99861111111) -> 45869.999 | B5: =IFERROR(__xludf.DUMMYFUNCTION("""COMPUTED_VALUE"""),1.036350438E7) -> 10363504
A6: =IFERROR(__xludf.DUMMYFUNCTION("""COMPUTED_VALUE"""),45870.99861111111) -> 45870.999 | B6: =IFERROR(__xludf.DUMMYFUNCTION("""COMPUTED_VALUE"""),1.007678955E7) -> 10076790
A7: =IFERROR(__xludf.DUMMYFUNCTION("""COMPUTED_VALUE"""),45871.99861111111) -> 45871.999 | B7: =IFERROR(__xludf.DUMMYFUNCTION("""COMPUTED_VALUE"""),9926081.473) -> 9926081.5
A8: =IFERROR(__xludf.DUMMYFUNCTION("""COMPUTED_VALUE"""),45872.99861111111) -> 45872.999 | B8: =IFERROR(__xludf.DUMMYFUNCTION("""COMPUTED_VALUE"""),9922460.316) -> 9922460.3
A9: =IFERROR(__xludf.DUMMYFUNCTION("""COMPUTED_VALUE"""),45873.99861111111) -> 45873.999 | B9: =IFERROR(__xludf.DUMMYFUNCTION("""COMPUTED_VALUE"""),1.008101872E7) -> 10081019
A10: =IFERROR(__xludf.DUMMYFUNCTION("""COMPUTED_VALUE"""),45874.99861111111) -> 45874.999 | B10: =IFERROR(__xludf.DUMMYFUNCTION("""COMPUTED_VALUE"""),1.003097858E7) -> 10030979
A11: =IFERROR(__xludf.DUMMYFUNCTION("""COMPUTED_VALUE"""),45875.99861111111) -> 45875.999 | B11: =IFERROR(__xludf.DUMMYFUNCTION("""COMPUTED_VALUE"""),9967617.161) -> 9967617.2
A12: =IFERROR(__xludf.DUMMYFUNCTION("""COMPUTED_VALUE"""),45876.99861111111) -> 45876.999 | B12: =IFERROR(__xludf.DUMMYFUNCTION("""COMPUTED_VALUE"""),1.000980738E7) -> 10009807
A13: =IFERROR(__xludf.DUMMYFUNCTION("""COMPUTED_VALUE"""),45877.99861111111) -> 45877.999 | B13: =IFERROR(__xludf.DUMMYFUNCTION("""COMPUTED_VALUE"""),1.023829145E7) -> 10238291
A14: =IFERROR(__xludf.DUMMYFUNCTION("""COMPUTED_VALUE"""),45878.99861111111) -> 45878.999 | B14: =IFERROR(__xludf.DUMMYFUNCTION("""COMPUTED_VALUE"""),1.020261253E7) -> 10202613
A15: =IFERROR(__xludf.DUMMYFUNCTION("""COMPUTED_VALUE"""),45879.99861111111) -> 45879.999 | B15: =IFERROR(__xludf.DUMMYFUNCTION("""COMPUTED_VALUE"""),1.034390793E7) -> 10343908
A16: =IFERROR(__xludf.DUMMYFUNCTION("""COMPUTED_VALUE"""),45880.99861111111) -> 45880.999 | B16: =IFERROR(__xludf.DUMMYFUNCTION("""COMPUTED_VALUE"""),1.066534196E7) -> 10665342
A17: =IFERROR(__xludf.DUMMYFUNCTION("""COMPUTED_VALUE"""),45881.99861111111) -> 45881.999 | B17: =IFERROR(__xludf.DUMMYFUNCTION("""COMPUTED_VALUE"""),1.041064946E7) -> 10410649
A18: =IFERROR(__xludf.DUMMYFUNCTION("""COMPUTED_VALUE"""),45882.99861111111) -> 45882.999 | B18: =IFERROR(__xludf.DUMMYFUNCTION("""COMPUTED_VALUE"""),1.044524662E7) -> 10445247
A19: =IFERROR(__xludf.DUMMYFUNCTION("""COMPUTED_VALUE"""),45883.99861111111) -> 45883.999 | B19: =IFERROR(__xludf.DUMMYFUNCTION("""COMPUTED_VALUE"""),1.081520507E7) -> 10815205
A20: =IFERROR(__xludf.DUMMYFUNCTION("""COMPUTED_VALUE"""),45884.99861111111) -> 45884.999 | B20: =IFERROR(__xludf.DUMMYFUNCTION("""COMPUTED_VALUE"""),1.042063816E7) -> 10420638
A21: =IFERROR(__xludf.DUMMYFUNCTION("""COMPUTED_VALUE"""),45885.99861111111) -> 45885.999 | B21: =IFERROR(__xludf.DUMMYFUNCTION("""COMPUTED_VALUE"""),1.0287705E7) -> 10287705
A22: =IFERROR(__xludf.DUMMYFUNCTION("""COMPUTED_VALUE"""),45886.99861111111) -> 45886.999 | B22: =IFERROR(__xludf.DUMMYFUNCTION("""COMPUTED_VALUE"""),1.030838649E7) -> 10308386
A23: =IFERROR(__xludf.DUMMYFUNCTION("""COMPUTED_VALUE"""),45887.99861111111) -> 45887.999 | B23: =IFERROR(__xludf.DUMMYFUNCTION("""COMPUTED_VALUE"""),1.007526872E7) -> 10075269
A24: =IFERROR(__xludf.DUMMYFUNCTION("""COMPUTED_VALUE"""),45888.99861111111) -> 45888.999 | B24: =IFERROR(__xludf.DUMMYFUNCTION("""COMPUTED_VALUE"""),1.000809675E7) -> 10008097
A25: =IFERROR(__xludf.DUMMYFUNCTION("""COMPUTED_VALUE"""),45889.99861111111) -> 45889.999 | B25: =IFERROR(__xludf.DUMMYFUNCTION("""COMPUTED_VALUE"""),9882630.868) -> 9882630.9
A26: =IFERROR(__xludf.DUMMYFUNCTION("""COMPUTED_VALUE"""),45890.99861111111) -> 45890.999 | B26: =IFERROR(__xludf.DUMMYFUNCTION("""COMPUTED_VALUE"""),9951840.42) -> 9951840.4
A27: =IFERROR(__xludf.DUMMYFUNCTION("""COMPUTED_VALUE"""),45891.99861111111) -> 45891.999 | B27: =IFERROR(__xludf.DUMMYFUNCTION("""COMPUTED_VALUE"""),9863609.112) -> 9863609.1
A28: =IFERROR(__xludf.DUMMYFUNCTION("""COMPUTED_VALUE"""),45892.99861111111) -> 45892.999 | B28: =IFERROR(__xludf.DUMMYFUNCTION("""COMPUTED_VALUE"""),1.008385537E7) -> 10083855
A29: =IFERROR(__xludf.DUMMYFUNCTION("""COMPUTED_VALUE"""),45893.99861111111) -> 45893.999 | B29: =IFERROR(__xludf.DUMMYFUNCTION("""COMPUTED_VALUE"""),1.003601875E7) -> 10036019
A30: =IFERROR(__xludf.DUMMYFUNCTION("""COMPUTED_VALUE"""),45894.99861111111) -> 45894.999 | B30: =IFERROR(__xludf.DUMMYFUNCTION("""COMPUTED_VALUE"""),9903635.339) -> 9903635.3
A31: =IFERROR(__xludf.DUMMYFUNCTION("""COMPUTED_VALUE"""),45895.99861111111) -> 45895.999 | B31: =IFERROR(__xludf.DUMMYFUNCTION("""COMPUTED_VALUE"""),9629375.546) -> 9629375.5
A32: =IFERROR(__xludf.DUMMYFUNCTION("""COMPUTED_VALUE"""),45896.99861111111) -> 45896.999 | B32: =IFERROR(__xludf.DUMMYFUNCTION("""COMPUTED_VALUE"""),9772104.979) -> 9772105
A33: =IFERROR(__xludf.DUMMYFUNCTION("""COMPUTED_VALUE"""),45897.99861111111) -> 45897.999 | B33: =IFERROR(__xludf.DUMMYFUNCTION("""COMPUTED_VALUE"""),9813073.334) -> 9813073.3
A34: =IFERROR(__xludf.DUMMYFUNCTION("""COMPUTED_VALUE"""),45898.99861111111) -> 45898.999 | B34: =IFERROR(__xludf.DUMMYFUNCTION("""COMPUTED_VALUE"""),9854403.86) -> 9854403.9
A35: =IFERROR(__xludf.DUMMYFUNCTION("""COMPUTED_VALUE"""),45899.99861111111) -> 45899.999 | B35: =IFERROR(__xludf.DUMMYFUNCTION("""COMPUTED_VALUE"""),9562099.084) -> 9562099.1
A36: =IFERROR(__xludf.DUMMYFUNCTION("""COMPUTED_VALUE"""),45900.99861111111) -> 45900.999 | B36: =IFERROR(__xludf.DUMMYFUNCTION("""COMPUTED_VALUE"""),9633183.353) -> 9633183.4
A37: =IFERROR(__xludf.DUMMYFUNCTION("""COMPUTED_VALUE"""),45901.99861111111) -> 45901.999 | B37: =IFERROR(__xludf.DUMMYFUNCTION("""COMPUTED_VALUE"""),9477249.172) -> 9477249.2
A38: =IFERROR(__xludf.DUMMYFUNCTION("""COMPUTED_VALUE"""),45902.99861111111) -> 45902.999 | B38: =IFERROR(__xludf.DUMMYFUNCTION("""COMPUTED_VALUE"""),9712803.562) -> 9712803.6
A39: =IFERROR(__xludf.DUMMYFUNCTION("""COMPUTED_VALUE"""),45903.99861111111) -> 45903.999 | B39: =IFERROR(__xludf.DUMMYFUNCTION("""COMPUTED_VALUE"""),9784258.559) -> 9784258.6
A40: =IFERROR(__xludf.DUMMYFUNCTION("""COMPUTED_VALUE"""),45904.99861111111) -> 45904.999 | B40: =IFERROR(__xludf.DUMMYFUNCTION("""COMPUTED_VALUE"""),9806671.25) -> 9806671.2
A41: =IFERROR(__xludf.DUMMYFUNCTION("""COMPUTED_VALUE"""),45905.99861111111) -> 45905.999 | B41: =IFERROR(__xludf.DUMMYFUNCTION("""COMPUTED_VALUE"""),9814980.91) -> 9814980.9
A42: =IFERROR(__xludf.DUMMYFUNCTION("""COMPUTED_VALUE"""),45906.99861111111) -> 45906.999 | B42: =IFERROR(__xludf.DUMMYFUNCTION("""COMPUTED_VALUE"""),9796320.083) -> 9796320.1
A43: =IFERROR(__xludf.DUMMYFUNCTION("""COMPUTED_VALUE"""),45907.99861111111) -> 45907.999 | B43: =IFERROR(__xludf.DUMMYFUNCTION("""COMPUTED_VALUE"""),9760415.59) -> 9760415.6
A44: =IFERROR(__xludf.DUMMYFUNCTION("""COMPUTED_VALUE"""),45908.99861111111) -> 45908.999 | B44: =IFERROR(__xludf.DUMMYFUNCTION("""COMPUTED_VALUE"""),9773190.669) -> 9773190.7
A45: =IFERROR(__xludf.DUMMYFUNCTION("""COMPUTED_VALUE"""),45909.99861111111) -> 45909.999 | B45: =IFERROR(__xludf.DUMMYFUNCTION("""COMPUTED_VALUE"""),9855589.683) -> 9855589.7
A46: =IFERROR(__xludf.DUMMYFUNCTION("""COMPUTED_VALUE"""),45910.99861111111) -> 45910.999 | B46: =IFERROR(__xludf.DUMMYFUNCTION("""COMPUTED_VALUE"""),9818376.756) -> 9818376.8
A47: =IFERROR(__xludf.DUMMYFUNCTION("""COMPUTED_VALUE"""),45911.99861111111) -> 45911.999 | B47: =IFERROR(__xludf.DUMMYFUNCTION("""COMPUTED_VALUE"""),1.009867846E7) -> 10098678
A48: =IFERROR(__xludf.DUMMYFUNCTION("""COMPUTED_VALUE"""),45912.99861111111) -> 45912.999 | B48: =IFERROR(__xludf.DUMMYFUNCTION("""COMPUTED_VALUE"""),1.017567067E7) -> 10175671
A49: =IFERROR(__xludf.DUMMYFUNCTION("""COMPUTED_VALUE"""),45913.99861111111) -> 45913.999 | B49: =IFERROR(__xludf.DUMMYFUNCTION("""COMPUTED_VALUE"""),1.02363453E7) -> 10236345
A50: =IFERROR(__xludf.DUMMYFUNCTION("""COMPUTED_VALUE"""),45914.99861111111) -> 45914.999 | B50: =IFERROR(__xludf.DUMMYFUNCTION("""COMPUTED_VALUE"""),1.021526377E7) -> 10215264
A51: =IFERROR(__xludf.DUMMYFUNCTION("""COMPUTED_VALUE"""),45915.99861111111) -> 45915.999 | B51: =IFERROR(__xludf.DUMMYFUNCTION("""COMPUTED_VALUE"""),1.018156006E7) -> 10181560
A52: =IFERROR(__xludf.DUMMYFUNCTION("""COMPUTED_VALUE"""),45916.99861111111) -> 45916.999 | B52: =IFERROR(__xludf.DUMMYFUNCTION("""COMPUTED_VALUE"""),1.014042395E7) -> 10140424
A53: =IFERROR(__xludf.DUMMYFUNCTION("""COMPUTED_VALUE"""),45917.99861111111) -> 45917.999 | B53: =IFERROR(__xludf.DUMMYFUNCTION("""COMPUTED_VALUE"""),1.023935482E7) -> 10239355
A54: =IFERROR(__xludf.DUMMYFUNCTION("""COMPUTED_VALUE"""),45918.99861111111) -> 45918.999 | B54: =IFERROR(__xludf.DUMMYFUNCTION("""COMPUTED_VALUE"""),1.037809748E7) -> 10378097
A55: =IFERROR(__xludf.DUMMYFUNCTION("""COMPUTED_VALUE"""),45919.99861111111) -> 45919.999 | B55: =IFERROR(__xludf.DUMMYFUNCTION("""COMPUTED_VALUE"""),1.030806162E7) -> 10308062
A56: =IFERROR(__xludf.DUMMYFUNCTION("""COMPUTED_VALUE"""),45920.99861111111) -> 45920.999 | B56: =IFERROR(__xludf.DUMMYFUNCTION("""COMPUTED_VALUE"""),1.017857354E7) -> 10178574
A57: =IFERROR(__xludf.DUMMYFUNCTION("""COMPUTED_VALUE"""),45921.99861111111) -> 45921.999 | B57: =IFERROR(__xludf.DUMMYFUNCTION("""COMPUTED_VALUE"""),1.019361484E7) -> 10193615
A58: =IFERROR(__xludf.DUMMYFUNCTION("""COMPUTED_VALUE"""),45922.99861111111) -> 45922.999 | B58: =IFERROR(__xludf.DUMMYFUNCTION("""COMPUTED_VALUE"""),1.01275345E7) -> 10127534
A59: =IFERROR(__xludf.DUMMYFUNCTION("""COMPUTED_VALUE"""),45923.99861111111) -> 45923.999 | B59: =IFERROR(__xludf.DUMMYFUNCTION("""COMPUTED_VALUE"""),9980926.861) -> 9980926.9
A60: =IFERROR(__xludf.DUMMYFUNCTION("""COMPUTED_VALUE"""),45924.99861111111) -> 45924.999 | B60: =IFERROR(__xludf.DUMMYFUNCTION("""COMPUTED_VALUE"""),9924737.251) -> 9924737.3
A61: =IFERROR(__xludf.DUMMYFUNCTION("""COMPUTED_VALUE"""),45925.99861111111) -> 45925.999 | B61: =IFERROR(__xludf.DUMMYFUNCTION("""COMPUTED_VALUE"""),9996339.312) -> 9996339.3
A62: =IFERROR(__xludf.DUMMYFUNCTION("""COMPUTED_VALUE"""),45926.99861111111) -> 45926.999 | B62: =IFERROR(__xludf.DUMMYFUNCTION("""COMPUTED_VALUE"""),9723195.152) -> 9723195.2
A63: =IFERROR(__xludf.DUMMYFUNCTION("""COMPUTED_VALUE"""),45927.99861111111) -> 45927.999 | B63: =IFERROR(__xludf.DUMMYFUNCTION("""COMPUTED_VALUE"""),9722659.877) -> 9722659.9
A64: =IFERROR(__xludf.DUMMYFUNCTION("""COMPUTED_VALUE"""),45928.99861111111) -> 45928.999 | B64: =IFERROR(__xludf.DUMMYFUNCTION("""COMPUTED_VALUE"""),9717904.29) -> 9717904.3
A65: =IFERROR(__xludf.DUMMYFUNCTION("""COMPUTED_VALUE"""),45929.99861111111) -> 45929.999 | B65: =IFERROR(__xludf.DUMMYFUNCTION("""COMPUTED_VALUE"""),9926814.149) -> 9926814.1
A66: =IFERROR(__xludf.DUMMYFUNCTION("""COMPUTED_VALUE"""),45930.99861111111) -> 45930.999 | B66: =IFERROR(__xludf.DUMMYFUNCTION("""COMPUTED_VALUE"""),1.01663167E7) -> 10166317
A67: =IFERROR(__xludf.DUMMYFUNCTION("""COMPUTED_VALUE"""),45931.99861111111) -> 45931.999 | B67: =IFERROR(__xludf.DUMMYFUNCTION("""COMPUTED_VALUE"""),1.012703989E7) -> 10127040
A68: =IFERROR(__xludf.DUMMYFUNCTION("""COMPUTED_VALUE"""),45932.99861111111) -> 45932.999 | B68: =IFERROR(__xludf.DUMMYFUNCTION("""COMPUTED_VALUE"""),1.053875316E7) -> 10538753
A69: =IFERROR(__xludf.DUMMYFUNCTION("""COMPUTED_VALUE"""),45933.99861111111) -> 45933.999 | B69: =IFERROR(__xludf.DUMMYFUNCTION("""COMPUTED_VALUE"""),1.06731998E7) -> 10673200
A70: =IFERROR(__xludf.DUMMYFUNCTION("""COMPUTED_VALUE"""),45934.99861111111) -> 45934.999 | B70: =IFERROR(__xludf.DUMMYFUNCTION("""COMPUTED_VALUE"""),1.084795626E7) -> 10847956
A71: =IFERROR(__xludf.DUMMYFUNCTION("""COMPUTED_VALUE"""),45935.99861111111) -> 45935.999 | B71: =IFERROR(__xludf.DUMMYFUNCTION("""COMPUTED_VALUE"""),1.09803386E7) -> 10980339
A72: =IFERROR(__xludf.DUMMYFUNCTION("""COMPUTED_VALUE"""),45936.99861111111) -> 45936.999 | B72: =IFERROR(__xludf.DUMMYFUNCTION("""COMPUTED_VALUE"""),1.098873815E7) -> 10988738
A73: =IFERROR(__xludf.DUMMYFUNCTION("""COMPUTED_VALUE"""),45937.99861111111) -> 45937.999 | B73: =IFERROR(__xludf.DUMMYFUNCTION("""COMPUTED_VALUE"""),1.103164585E7) -> 11031646
A74: =IFERROR(__xludf.DUMMYFUNCTION("""COMPUTED_VALUE"""),45938.99861111111) -> 45938.999 | B74: =IFERROR(__xludf.DUMMYFUNCTION("""COMPUTED_VALUE"""),1.077971824E7) -> 10779718
A75: =IFERROR(__xludf.DUMMYFUNCTION("""COMPUTED_VALUE"""),45939.99861111111) -> 45939.999 | B75: =IFERROR(__xludf.DUMMYFUNCTION("""COMPUTED_VALUE"""),1.084687517E7) -> 10846875
A76: =IFERROR(__xludf.DUMMYFUNCTION("""COMPUTED_VALUE"""),45940.99861111111) -> 45940.999 | B76: =IFERROR(__xludf.DUMMYFUNCTION("""COMPUTED_VALUE"""),1.075232534E7) -> 10752325
A77: =IFERROR(__xludf.DUMMYFUNCTION("""COMPUTED_VALUE"""),45941.99861111111) -> 45941.999 | B77: =IFERROR(__xludf.DUMMYFUNCTION("""COMPUTED_VALUE"""),9991051.303) -> 9991051.3
A78: =IFERROR(__xludf.DUMMYFUNCTION("""COMPUTED_VALUE"""),45942.99861111111) -> 45942.999 | B78: =IFERROR(__xludf.DUMMYFUNCTION("""COMPUTED_VALUE"""),9855566.213) -> 9855566.2
A79: =IFERROR(__xludf.DUMMYFUNCTION("""COMPUTED_VALUE"""),45943.99861111111) -> 45943.999 | B79: =IFERROR(__xludf.DUMMYFUNCTION("""COMPUTED_VALUE"""),1.019065233E7) -> 10190652
A80: =IFERROR(__xludf.DUMMYFUNCTION("""COMPUTED_VALUE"""),45944.99861111111) -> 45944.999 | B80: =IFERROR(__xludf.DUMMYFUNCTION("""COMPUTED_VALUE"""),1.008681953E7) -> 10086820
A81: =IFERROR(__xludf.DUMMYFUNCTION("""COMPUTED_VALUE"""),45945.99861111111) -> 45945.999 | B81: =IFERROR(__xludf.DUMMYFUNCTION("""COMPUTED_VALUE"""),9846834.396) -> 9846834.4
A82: =IFERROR(__xludf.DUMMYFUNCTION("""COMPUTED_VALUE"""),45946.99861111111) -> 45946.999 | B82: =IFERROR(__xludf.DUMMYFUNCTION("""COMPUTED_VALUE"""),9806519.519) -> 9806519.5
A83: =IFERROR(__xludf.DUMMYFUNCTION("""COMPUTED_VALUE"""),45947.99861111111) -> 45947.999 | B83: =IFERROR(__xludf.DUMMYFUNCTION("""COMPUTED_VALUE"""),9607914.117) -> 9607914.1
A84: =IFERROR(__xludf.DUMMYFUNCTION("""COMPUTED_VALUE"""),45948.99861111111) -> 45948.999 | B84: =IFERROR(__xludf.DUMMYFUNCTION("""COMPUTED_VALUE"""),9430323.054) -> 9430323.1
A85: =IFERROR(__xludf.DUMMYFUNCTION("""COMPUTED_VALUE"""),45949.99861111111) -> 45949.999 | B85: =IFERROR(__xludf.DUMMYFUNCTION("""COMPUTED_VALUE"""),9448419.74) -> 9448419.7
A86: =IFERROR(__xludf.DUMMYFUNCTION("""COMPUTED_VALUE"""),45950.99861111111) -> 45950.999 | B86: =IFERROR(__xludf.DUMMYFUNCTION("""COMPUTED_VALUE"""),9688339.388) -> 9688339.4
A87: =IFERROR(__xludf.DUMMYFUNCTION("""COMPUTED_VALUE"""),45951.99861111111) -> 45951.999 | B87: =IFERROR(__xludf.DUMMYFUNCTION("""COMPUTED_VALUE"""),9606069.852) -> 9606069.9
A88: =IFERROR(__xludf.DUMMYFUNCTION("""COMPUTED_VALUE"""),45952.99861111111) -> 45952.999 | B88: =IFERROR(__xludf.DUMMYFUNCTION("""COMPUTED_VALUE"""),9494702.502) -> 9494702.5
A89: =IFERROR(__xludf.DUMMYFUNCTION("""COMPUTED_VALUE"""),45953.99861111111) -> 45953.999 | B89: =IFERROR(__xludf.DUMMYFUNCTION("""COMPUTED_VALUE"""),9516876.289) -> 9516876.3
A90: =IFERROR(__xludf.DUMMYFUNCTION("""COMPUTED_VALUE"""),45954.99861111111) -> 45954.999 | B90: =IFERROR(__xludf.DUMMYFUNCTION("""COMPUTED_VALUE"""),9699422.659) -> 9699422.7
A91: =IFERROR(__xludf.DUMMYFUNCTION("""COMPUTED_VALUE"""),45955.99861111111) -> 45955.999 | B91: =IFERROR(__xludf.DUMMYFUNCTION("""COMPUTED_VALUE"""),9753053.464) -> 9753053.5
A92: =IFERROR(__xludf.DUMMYFUNCTION("""COMPUTED_VALUE"""),45956.99861111111) -> 45956.999 | B92: =IFERROR(__xludf.DUMMYFUNCTION("""COMPUTED_VALUE"""),9773980.001) -> 9773980
A93: =IFERROR(__xludf.DUMMYFUNCTION("""COMPUTED_VALUE"""),45957.99861111111) -> 45957.999 | B93: =IFERROR(__xludf.DUMMYFUNCTION("""COMPUTED_VALUE"""),1.014208319E7) -> 10142083
A94: =IFERROR(__xludf.DUMMYFUNCTION("""COMPUTED_VALUE"""),45958.99861111111) -> 45958.999 | B94: =IFERROR(__xludf.DUMMYFUNCTION("""COMPUTED_VALUE"""),1.004985493E7) -> 10049855
A95: =IFERROR(__xludf.DUMMYFUNCTION("""COMPUTED_VALUE"""),45959.99861111111) -> 45959.999 | B95: =IFERROR(__xludf.DUMMYFUNCTION("""COMPUTED_VALUE"""),9944419.269) -> 9944419.3
A96: =IFERROR(__xludf.DUMMYFUNCTION("""COMPUTED_VALUE"""),45960.99861111111) -> 45960.999 | B96: =IFERROR(__xludf.DUMMYFUNCTION("""COMPUTED_VALUE"""),9809242.159) -> 9809242.2
A97: =IFERROR(__xludf.DUMMYFUNCTION("""COMPUTED_VALUE"""),45961.99861111111) -> 45961.999 | B97: =IFERROR(__xludf.DUMMYFUNCTION("""COMPUTED_VALUE"""),9699201.209) -> 9699201.2
A98: =IFERROR(__xludf.DUMMYFUNCTION("""COMPUTED_VALUE"""),45962.99861111111) -> 45962.999 | B98: =IFERROR(__xludf.DUMMYFUNCTION("""COMPUTED_VALUE"""),9789014.786) -> 9789014.8
A99: =IFERROR(__xludf.DUMMYFUNCTION("""COMPUTED_VALUE"""),45963.99861111111) -> 45963.999 | B99: =IFERROR(__xludf.DUMMYFUNCTION("""COMPUTED_VALUE"""),9773052.969) -> 9773053
A100: =IFERROR(__xludf.DUMMYFUNCTION("""COMPUTED_VALUE"""),45964.99861111111) -> 45964.999 | B100: =IFERROR(__xludf.DUMMYFUNCTION("""COMPUTED_VALUE"""),9570655.264) -> 9570655.3
...

Sheet Ethereum
A1: =IFERROR(__xludf.DUMMYFUNCTION("GOOGLEFINANCE(""CURRENCY:ETHINR"", ""price"", DATE(2025,7,28), DATE(2026,7,28), ""DAILY"")"),"Date") -> Date | B1: =IFERROR(__xludf.DUMMYFUNCTION("""COMPUTED_VALUE"""),"Close") -> Close
A2: =IFERROR(__xludf.DUMMYFUNCTION("""COMPUTED_VALUE"""),45866.99861111111) -> 45866.999 | B2: =IFERROR(__xludf.DUMMYFUNCTION("""COMPUTED_VALUE"""),336552.5302) -> 336552.53
A3: =IFERROR(__xludf.DUMMYFUNCTION("""COMPUTED_VALUE"""),45867.99861111111) -> 45867.999 | B3: =IFERROR(__xludf.DUMMYFUNCTION("""COMPUTED_VALUE"""),330099.5831) -> 330099.58
A4: =IFERROR(__xludf.DUMMYFUNCTION("""COMPUTED_VALUE"""),45868.99861111111) -> 45868.999 | B4: =IFERROR(__xludf.DUMMYFUNCTION("""COMPUTED_VALUE"""),334746.3224) -> 334746.32
A5: =IFERROR(__xludf.DUMMYFUNCTION("""COMPUTED_VALUE"""),45869.99861111111) -> 45869.999 | B5: =IFERROR(__xludf.DUMMYFUNCTION("""COMPUTED_VALUE"""),337732.4098) -> 337732.41
A6: =IFERROR(__xludf.DUMMYFUNCTION("""COMPUTED_VALUE"""),45870.99861111111) -> 45870.999 | B6: =IFERROR(__xludf.DUMMYFUNCTION("""COMPUTED_VALUE"""),322677.9475) -> 322677.95
A7: =IFERROR(__xludf.DUMMYFUNCTION("""COMPUTED_VALUE"""),45871.99861111111) -> 45871.999 | B7: =IFERROR(__xludf.DUMMYFUNCTION("""COMPUTED_VALUE"""),307248.7495) -> 307248.75
A8: =IFERROR(__xludf.DUMMYFUNCTION("""COMPUTED_VALUE"""),45872.99861111111) -> 45872.999 | B8: =IFERROR(__xludf.DUMMYFUNCTION("""COMPUTED_VALUE"""),300820.9161) -> 300820.92
A9: =IFERROR(__xludf.DUMMYFUNCTION("""COMPUTED_VALUE"""),45873.99861111111) -> 45873.999 | B9: =IFERROR(__xludf.DUMMYFUNCTION("""COMPUTED_VALUE"""),312879.84) -> 312879.84
A10: =IFERROR(__xludf.DUMMYFUNCTION("""COMPUTED_VALUE"""),45874.99861111111) -> 45874.999 | B10: =IFERROR(__xludf.DUMMYFUNCTION("""COMPUTED_VALUE"""),320445.9303) -> 320445.93
A11: =IFERROR(__xludf.DUMMYFUNCTION("""COMPUTED_VALUE"""),45875.99861111111) -> 45875.999 | B11: =IFERROR(__xludf.DUMMYFUNCTION("""COMPUTED_VALUE"""),314499.1537) -> 314499.15
A12: =IFERROR(__xludf.DUMMYFUNCTION("""COMPUTED_VALUE"""),45876.99861111111) -> 45876.999 | B12: =IFERROR(__xludf.DUMMYFUNCTION("""COMPUTED_VALUE"""),319390.4316) -> 319390.43
A13: =IFERROR(__xludf.DUMMYFUNCTION("""COMPUTED_VALUE"""),45877.99861111111) -> 45877.999 | B13: =IFERROR(__xludf.DUMMYFUNCTION("""COMPUTED_VALUE"""),345259.9645) -> 345259.96
A14: =IFERROR(__xludf.DUMMYFUNCTION("""COMPUTED_VALUE"""),45878.99861111111) -> 45878.999 | B14: =IFERROR(__xludf.DUMMYFUNCTION("""COMPUTED_VALUE"""),354996.0259) -> 354996.03
A15: =IFERROR(__xludf.DUMMYFUNCTION("""COMPUTED_VALUE"""),45879.99861111111) -> 45879.999 | B15: =IFERROR(__xludf.DUMMYFUNCTION("""COMPUTED_VALUE"""),370367.0371) -> 370367.04
A16: =IFERROR(__xludf.DUMMYFUNCTION("""COMPUTED_VALUE"""),45880.99861111111) -> 45880.999 | B16: =IFERROR(__xludf.DUMMYFUNCTION("""COMPUTED_VALUE"""),377305.563) -> 377305.56
A17: =IFERROR(__xludf.DUMMYFUNCTION("""COMPUTED_VALUE"""),45881.99861111111) -> 45881.999 | B17: =IFERROR(__xludf.DUMMYFUNCTION("""COMPUTED_VALUE"""),375366.377) -> 375366.38
A18: =IFERROR(__xludf.DUMMYFUNCTION("""COMPUTED_VALUE"""),45882.99861111111) -> 45882.999 | B18: =IFERROR(__xludf.DUMMYFUNCTION("""COMPUTED_VALUE"""),406065.9607) -> 406065.96
A19: =IFERROR(__xludf.DUMMYFUNCTION("""COMPUTED_VALUE"""),45883.99861111111) -> 45883.999 | B19: =IFERROR(__xludf.DUMMYFUNCTION("""COMPUTED_VALUE"""),418500.7413) -> 418500.74
A20: =IFERROR(__xludf.DUMMYFUNCTION("""COMPUTED_VALUE"""),45884.99861111111) -> 45884.999 | B20: =IFERROR(__xludf.DUMMYFUNCTION("""COMPUTED_VALUE"""),405772.6682) -> 405772.67
A21: =IFERROR(__xludf.DUMMYFUNCTION("""COMPUTED_VALUE"""),45885.99861111111) -> 45885.999 | B21: =IFERROR(__xludf.DUMMYFUNCTION("""COMPUTED_VALUE"""),388071.3678) -> 388071.37
A22: =IFERROR(__xludf.DUMMYFUNCTION("""COMPUTED_VALUE"""),45886.99861111111) -> 45886.999 | B22: =IFERROR(__xludf.DUMMYFUNCTION("""COMPUTED_VALUE"""),389854.6213) -> 389854.62
A23: =IFERROR(__xludf.DUMMYFUNCTION("""COMPUTED_VALUE"""),45887.99861111111) -> 45887.999 | B23: =IFERROR(__xludf.DUMMYFUNCTION("""COMPUTED_VALUE"""),377577.8487) -> 377577.85
A24: =IFERROR(__xludf.DUMMYFUNCTION("""COMPUTED_VALUE"""),45888.99861111111) -> 45888.999 | B24: =IFERROR(__xludf.DUMMYFUNCTION("""COMPUTED_VALUE"""),367326.074) -> 367326.07
A25: =IFERROR(__xludf.DUMMYFUNCTION("""COMPUTED_VALUE"""),45889.99861111111) -> 45889.999 | B25: =IFERROR(__xludf.DUMMYFUNCTION("""COMPUTED_VALUE"""),360291.0734) -> 360291.07
A26: =IFERROR(__xludf.DUMMYFUNCTION("""COMPUTED_VALUE"""),45890.99861111111) -> 45890.999 | B26: =IFERROR(__xludf.DUMMYFUNCTION("""COMPUTED_VALUE"""),374819.6488) -> 374819.65
A27: =IFERROR(__xludf.DUMMYFUNCTION("""COMPUTED_VALUE"""),45891.99861111111) -> 45891.999 | B27: =IFERROR(__xludf.DUMMYFUNCTION("""COMPUTED_VALUE"""),373507.7521) -> 373507.75
A28: =IFERROR(__xludf.DUMMYFUNCTION("""COMPUTED_VALUE"""),45892.99861111111) -> 45892.999 | B28: =IFERROR(__xludf.DUMMYFUNCTION("""COMPUTED_VALUE"""),409492.1567) -> 409492.16
A29: =IFERROR(__xludf.DUMMYFUNCTION("""COMPUTED_VALUE"""),45893.99861111111) -> 45893.999 | B29: =IFERROR(__xludf.DUMMYFUNCTION("""COMPUTED_VALUE"""),417666.5839) -> 417666.58
A30: =IFERROR(__xludf.DUMMYFUNCTION("""COMPUTED_VALUE"""),45894.99861111111) -> 45894.999 | B30: =IFERROR(__xludf.DUMMYFUNCTION("""COMPUTED_VALUE"""),413710.1049) -> 413710.1
A31: =IFERROR(__xludf.DUMMYFUNCTION("""COMPUTED_VALUE"""),45895.99861111111) -> 45895.999 | B31: =IFERROR(__xludf.DUMMYFUNCTION("""COMPUTED_VALUE"""),385625.8691) -> 385625.87
A32: =IFERROR(__xludf.DUMMYFUNCTION("""COMPUTED_VALUE"""),45896.99861111111) -> 45896.999 | B32: =IFERROR(__xludf.DUMMYFUNCTION("""COMPUTED_VALUE"""),403682.1386) -> 403682.14
A33: =IFERROR(__xludf.DUMMYFUNCTION("""COMPUTED_VALUE"""),45897.99861111111) -> 45897.999 | B33: =IFERROR(__xludf.DUMMYFUNCTION("""COMPUTED_VALUE"""),397723.6659) -> 397723.67
A34: =IFERROR(__xludf.DUMMYFUNCTION("""COMPUTED_VALUE"""),45898.99861111111) -> 45898.999 | B34: =IFERROR(__xludf.DUMMYFUNCTION("""COMPUTED_VALUE"""),395981.9738) -> 395981.97
A35: =IFERROR(__xludf.DUMMYFUNCTION("""COMPUTED_VALUE"""),45899.99861111111) -> 45899.999 | B35: =IFERROR(__xludf.DUMMYFUNCTION("""COMPUTED_VALUE"""),383713.1712) -> 383713.17
A36: =IFERROR(__xludf.DUMMYFUNCTION("""COMPUTED_VALUE"""),45900.99861111111) -> 45900.999 | B36: =IFERROR(__xludf.DUMMYFUNCTION("""COMPUTED_VALUE"""),395368.1937) -> 395368.19
A37: =IFERROR(__xludf.DUMMYFUNCTION("""COMPUTED_VALUE"""),45901.99861111111) -> 45901.999 | B37: =IFERROR(__xludf.DUMMYFUNCTION("""COMPUTED_VALUE"""),387497.2345) -> 387497.23
A38: =IFERROR(__xludf.DUMMYFUNCTION("""COMPUTED_VALUE"""),45902.99861111111) -> 45902.999 | B38: =IFERROR(__xludf.DUMMYFUNCTION("""COMPUTED_VALUE"""),384311.3548) -> 384311.35
A39: =IFERROR(__xludf.DUMMYFUNCTION("""COMPUTED_VALUE"""),45903.99861111111) -> 45903.999 | B39: =IFERROR(__xludf.DUMMYFUNCTION("""COMPUTED_VALUE"""),381735.3916) -> 381735.39
A40: =IFERROR(__xludf.DUMMYFUNCTION("""COMPUTED_VALUE"""),45904.99861111111) -> 45904.999 | B40: =IFERROR(__xludf.DUMMYFUNCTION("""COMPUTED_VALUE"""),387836.1958) -> 387836.2
A41: =IFERROR(__xludf.DUMMYFUNCTION("""COMPUTED_VALUE"""),45905.99861111111) -> 45905.999 | B41: =IFERROR(__xludf.DUMMYFUNCTION("""COMPUTED_VALUE"""),381509.8783) -> 381509.88
A42: =IFERROR(__xludf.DUMMYFUNCTION("""COMPUTED_VALUE"""),45906.99861111111) -> 45906.999 | B42: =IFERROR(__xludf.DUMMYFUNCTION("""COMPUTED_VALUE"""),380789.5251) -> 380789.53
A43: =IFERROR(__xludf.DUMMYFUNCTION("""COMPUTED_VALUE"""),45907.99861111111) -> 45907.999 | B43: =IFERROR(__xludf.DUMMYFUNCTION("""COMPUTED_VALUE"""),378999.0846) -> 378999.08
A44: =IFERROR(__xludf.DUMMYFUNCTION("""COMPUTED_VALUE"""),45908.99861111111) -> 45908.999 | B44: =IFERROR(__xludf.DUMMYFUNCTION("""COMPUTED_VALUE"""),379244.6568) -> 379244.66
A45: =IFERROR(__xludf.DUMMYFUNCTION("""COMPUTED_VALUE"""),45909.99861111111) -> 45909.999 | B45: =IFERROR(__xludf.DUMMYFUNCTION("""COMPUTED_VALUE"""),379807.2248) -> 379807.22
A46: =IFERROR(__xludf.DUMMYFUNCTION("""COMPUTED_VALUE"""),45910.99861111111) -> 45910.999 | B46: =IFERROR(__xludf.DUMMYFUNCTION("""COMPUTED_VALUE"""),380076.3352) -> 380076.34
A47: =IFERROR(__xludf.DUMMYFUNCTION("""COMPUTED_VALUE"""),45911.99861111111) -> 45911.999 | B47: =IFERROR(__xludf.DUMMYFUNCTION("""COMPUTED_VALUE"""),388583.4129) -> 388583.41
A48: =IFERROR(__xludf.DUMMYFUNCTION("""COMPUTED_VALUE"""),45912.99861111111) -> 45912.999 | B48: =IFERROR(__xludf.DUMMYFUNCTION("""COMPUTED_VALUE"""),397732.5728) -> 397732.57
A49: =IFERROR(__xludf.DUMMYFUNCTION("""COMPUTED_VALUE"""),45913.99861111111) -> 45913.999 | B49: =IFERROR(__xludf.DUMMYFUNCTION("""COMPUTED_VALUE"""),419789.1427) -> 419789.14
A50: =IFERROR(__xludf.DUMMYFUNCTION("""COMPUTED_VALUE"""),45914.99861111111) -> 45914.999 | B50: =IFERROR(__xludf.DUMMYFUNCTION("""COMPUTED_VALUE"""),411609.6502) -> 411609.65
A51: =IFERROR(__xludf.DUMMYFUNCTION("""COMPUTED_VALUE"""),45915.99861111111) -> 45915.999 | B51: =IFERROR(__xludf.DUMMYFUNCTION("""COMPUTED_VALUE"""),408813.6652) -> 408813.67
A52: =IFERROR(__xludf.DUMMYFUNCTION("""COMPUTED_VALUE"""),45916.99861111111) -> 45916.999 | B52: =IFERROR(__xludf.DUMMYFUNCTION("""COMPUTED_VALUE"""),397399.9698) -> 397399.97
A53: =IFERROR(__xludf.DUMMYFUNCTION("""COMPUTED_VALUE"""),45917.99861111111) -> 45917.999 | B53: =IFERROR(__xludf.DUMMYFUNCTION("""COMPUTED_VALUE"""),395597.7808) -> 395597.78
A54: =IFERROR(__xludf.DUMMYFUNCTION("""COMPUTED_VALUE"""),45918.99861111111) -> 45918.999 | B54: =IFERROR(__xludf.DUMMYFUNCTION("""COMPUTED_VALUE"""),407206.6564) -> 407206.66
A55: =IFERROR(__xludf.DUMMYFUNCTION("""COMPUTED_VALUE"""),45919.99861111111) -> 45919.999 | B55: =IFERROR(__xludf.DUMMYFUNCTION("""COMPUTED_VALUE"""),400603.2297) -> 400603.23
A56: =IFERROR(__xludf.DUMMYFUNCTION("""COMPUTED_VALUE"""),45920.99861111111) -> 45920.999 | B56: =IFERROR(__xludf.DUMMYFUNCTION("""COMPUTED_VALUE"""),393541.2121) -> 393541.21
A57: =IFERROR(__xludf.DUMMYFUNCTION("""COMPUTED_VALUE"""),45921.99861111111) -> 45921.999 | B57: =IFERROR(__xludf.DUMMYFUNCTION("""COMPUTED_VALUE"""),394546.7167) -> 394546.72
A58: =IFERROR(__xludf.DUMMYFUNCTION("""COMPUTED_VALUE"""),45922.99861111111) -> 45922.999 | B58: =IFERROR(__xludf.DUMMYFUNCTION("""COMPUTED_VALUE"""),380279.4005) -> 380279.4
A59: =IFERROR(__xludf.DUMMYFUNCTION("""COMPUTED_VALUE"""),45923.99861111111) -> 45923.999 | B59: =IFERROR(__xludf.DUMMYFUNCTION("""COMPUTED_VALUE"""),372051.9241) -> 372051.92
A60: =IFERROR(__xludf.DUMMYFUNCTION("""COMPUTED_VALUE"""),45924.99861111111) -> 45924.999 | B60: =IFERROR(__xludf.DUMMYFUNCTION("""COMPUTED_VALUE"""),368486.4386) -> 368486.44
A61: =IFERROR(__xludf.DUMMYFUNCTION("""COMPUTED_VALUE"""),45925.99861111111) -> 45925.999 | B61: =IFERROR(__xludf.DUMMYFUNCTION("""COMPUTED_VALUE"""),360393.7227) -> 360393.72
A62: =IFERROR(__xludf.DUMMYFUNCTION("""COMPUTED_VALUE"""),45926.99861111111) -> 45926.999 | B62: =IFERROR(__xludf.DUMMYFUNCTION("""COMPUTED_VALUE"""),351689.7187) -> 351689.72
A63: =IFERROR(__xludf.DUMMYFUNCTION("""COMPUTED_VALUE"""),45927.99861111111) -> 45927.999 | B63: =IFERROR(__xludf.DUMMYFUNCTION("""COMPUTED_VALUE"""),356571.9395) -> 356571.94
A64: =IFERROR(__xludf.DUMMYFUNCTION("""COMPUTED_VALUE"""),45928.99861111111) -> 45928.999 | B64: =IFERROR(__xludf.DUMMYFUNCTION("""COMPUTED_VALUE"""),355305.5307) -> 355305.53
A65: =IFERROR(__xludf.DUMMYFUNCTION("""COMPUTED_VALUE"""),45929.99861111111) -> 45929.999 | B65: =IFERROR(__xludf.DUMMYFUNCTION("""COMPUTED_VALUE"""),365565.1556) -> 365565.16
A66: =IFERROR(__xludf.DUMMYFUNCTION("""COMPUTED_VALUE"""),45930.99861111111) -> 45930.999 | B66: =IFERROR(__xludf.DUMMYFUNCTION("""COMPUTED_VALUE"""),373155.5696) -> 373155.57
A67: =IFERROR(__xludf.DUMMYFUNCTION("""COMPUTED_VALUE"""),45931.99861111111) -> 45931.999 | B67: =IFERROR(__xludf.DUMMYFUNCTION("""COMPUTED_VALUE"""),366034.5656) -> 366034.57
A68: =IFERROR(__xludf.DUMMYFUNCTION("""COMPUTED_VALUE"""),45932.99861111111) -> 45932.999 | B68: =IFERROR(__xludf.DUMMYFUNCTION("""COMPUTED_VALUE"""),388236.0738) -> 388236.07
A69: =IFERROR(__xludf.DUMMYFUNCTION("""COMPUTED_VALUE"""),45933.99861111111) -> 45933.999 | B69: =IFERROR(__xludf.DUMMYFUNCTION("""COMPUTED_VALUE"""),399309.5933) -> 399309.59
A70: =IFERROR(__xludf.DUMMYFUNCTION("""COMPUTED_VALUE"""),45934.99861111111) -> 45934.999 | B70: =IFERROR(__xludf.DUMMYFUNCTION("""COMPUTED_VALUE"""),398035.2722) -> 398035.27
A71: =IFERROR(__xludf.DUMMYFUNCTION("""COMPUTED_VALUE"""),45935.99861111111) -> 45935.999 | B71: =IFERROR(__xludf.DUMMYFUNCTION("""COMPUTED_VALUE"""),401811.7657) -> 401811.77
A72: =IFERROR(__xludf.DUMMYFUNCTION("""COMPUTED_VALUE"""),45936.99861111111) -> 45936.999 | B72: =IFERROR(__xludf.DUMMYFUNCTION("""COMPUTED_VALUE"""),402299.0224) -> 402299.02
A73: =IFERROR(__xludf.DUMMYFUNCTION("""COMPUTED_VALUE"""),45937.99861111111) -> 45937.999 | B73: =IFERROR(__xludf.DUMMYFUNCTION("""COMPUTED_VALUE"""),416011.5284) -> 416011.53
A74: =IFERROR(__xludf.DUMMYFUNCTION("""COMPUTED_VALUE"""),45938.99861111111) -> 45938.999 | B74: =IFERROR(__xludf.DUMMYFUNCTION("""COMPUTED_VALUE"""),394435.0647) -> 394435.06
A75: =IFERROR(__xludf.DUMMYFUNCTION("""COMPUTED_VALUE"""),45939.99861111111) -> 45939.999 | B75: =IFERROR(__xludf.DUMMYFUNCTION("""COMPUTED_VALUE"""),395376.5184) -> 395376.52
A76: =IFERROR(__xludf.DUMMYFUNCTION("""COMPUTED_VALUE"""),45940.99861111111) -> 45940.999 | B76: =IFERROR(__xludf.DUMMYFUNCTION("""COMPUTED_VALUE"""),386243.4181) -> 386243.42
A77: =IFERROR(__xludf.DUMMYFUNCTION("""COMPUTED_VALUE"""),45941.99861111111) -> 45941.999 | B77: =IFERROR(__xludf.DUMMYFUNCTION("""COMPUTED_VALUE"""),337064.9006) -> 337064.9
A78: =IFERROR(__xludf.DUMMYFUNCTION("""COMPUTED_VALUE"""),45942.99861111111) -> 45942.999 | B78: =IFERROR(__xludf.DUMMYFUNCTION("""COMPUTED_VALUE"""),336499.3856) -> 336499.39
A79: =IFERROR(__xludf.DUMMYFUNCTION("""COMPUTED_VALUE"""),45943.99861111111) -> 45943.999 | B79: =IFERROR(__xludf.DUMMYFUNCTION("""COMPUTED_VALUE"""),367131.2943) -> 367131.29
A80: =IFERROR(__xludf.DUMMYFUNCTION("""COMPUTED_VALUE"""),45944.99861111111) -> 45944.999 | B80: =IFERROR(__xludf.DUMMYFUNCTION("""COMPUTED_VALUE"""),369099.0187) -> 369099.02
A81: =IFERROR(__xludf.DUMMYFUNCTION("""COMPUTED_VALUE"""),45945.99861111111) -> 45945.999 | B81: =IFERROR(__xludf.DUMMYFUNCTION("""COMPUTED_VALUE"""),358607.8246) -> 358607.82
A82: =IFERROR(__xludf.DUMMYFUNCTION("""COMPUTED_VALUE"""),45946.99861111111) -> 45946.999 | B82: =IFERROR(__xludf.DUMMYFUNCTION("""COMPUTED_VALUE"""),353349.0016) -> 353349
A83: =IFERROR(__xludf.DUMMYFUNCTION("""COMPUTED_VALUE"""),45947.99861111111) -> 45947.999 | B83: =IFERROR(__xludf.DUMMYFUNCTION("""COMPUTED_VALUE"""),345965.7107) -> 345965.71
A84: =IFERROR(__xludf.DUMMYFUNCTION("""COMPUTED_VALUE"""),45948.99861111111) -> 45948.999 | B84: =IFERROR(__xludf.DUMMYFUNCTION("""COMPUTED_VALUE"""),340769.25) -> 340769.25
A85: =IFERROR(__xludf.DUMMYFUNCTION("""COMPUTED_VALUE"""),45949.99861111111) -> 45949.999 | B85: =IFERROR(__xludf.DUMMYFUNCTION("""COMPUTED_VALUE"""),343744.4703) -> 343744.47
A86: =IFERROR(__xludf.DUMMYFUNCTION("""COMPUTED_VALUE"""),45950.99861111111) -> 45950.999 | B86: =IFERROR(__xludf.DUMMYFUNCTION("""COMPUTED_VALUE"""),354098.8255) -> 354098.83
A87: =IFERROR(__xludf.DUMMYFUNCTION("""COMPUTED_VALUE"""),45951.99861111111) -> 45951.999 | B87: =IFERROR(__xludf.DUMMYFUNCTION("""COMPUTED_VALUE"""),345206.8) -> 345206.8
A88: =IFERROR(__xludf.DUMMYFUNCTION("""COMPUTED_VALUE"""),45952.99861111111) -> 45952.999 | B88: =IFERROR(__xludf.DUMMYFUNCTION("""COMPUTED_VALUE"""),338416.453) -> 338416.45
A89: =IFERROR(__xludf.DUMMYFUNCTION("""COMPUTED_VALUE"""),45953.99861111111) -> 45953.999 | B89: =IFERROR(__xludf.DUMMYFUNCTION("""COMPUTED_VALUE"""),335914.9934) -> 335914.99
A90: =IFERROR(__xludf.DUMMYFUNCTION("""COMPUTED_VALUE"""),45954.99861111111) -> 45954.999 | B90: =IFERROR(__xludf.DUMMYFUNCTION("""COMPUTED_VALUE"""),341539.0774) -> 341539.08
A91: =IFERROR(__xludf.DUMMYFUNCTION("""COMPUTED_VALUE"""),45955.99861111111) -> 45955.999 | B91: =IFERROR(__xludf.DUMMYFUNCTION("""COMPUTED_VALUE"""),344339.8426) -> 344339.84
A92: =IFERROR(__xludf.DUMMYFUNCTION("""COMPUTED_VALUE"""),45956.99861111111) -> 45956.999 | B92: =IFERROR(__xludf.DUMMYFUNCTION("""COMPUTED_VALUE"""),345101.3473) -> 345101.35
A93: =IFERROR(__xludf.DUMMYFUNCTION("""COMPUTED_VALUE"""),45957.99861111111) -> 45957.999 | B93: =IFERROR(__xludf.DUMMYFUNCTION("""COMPUTED_VALUE"""),370815.0484) -> 370815.05
A94: =IFERROR(__xludf.DUMMYFUNCTION("""COMPUTED_VALUE"""),45958.99861111111) -> 45958.999 | B94: =IFERROR(__xludf.DUMMYFUNCTION("""COMPUTED_VALUE"""),361037.3198) -> 361037.32
A95: =IFERROR(__xludf.DUMMYFUNCTION("""COMPUTED_VALUE"""),45959.99861111111) -> 45959.999 | B95: =IFERROR(__xludf.DUMMYFUNCTION("""COMPUTED_VALUE"""),353297.2727) -> 353297.27
A96: =IFERROR(__xludf.DUMMYFUNCTION("""COMPUTED_VALUE"""),45960.99861111111) -> 45960.999 | B96: =IFERROR(__xludf.DUMMYFUNCTION("""COMPUTED_VALUE"""),348463.126) -> 348463.13
A97: =IFERROR(__xludf.DUMMYFUNCTION("""COMPUTED_VALUE"""),45961.99861111111) -> 45961.999 | B97: =IFERROR(__xludf.DUMMYFUNCTION("""COMPUTED_VALUE"""),339781.1557) -> 339781.16
A98: =IFERROR(__xludf.DUMMYFUNCTION("""COMPUTED_VALUE"""),45962.99861111111) -> 45962.999 | B98: =IFERROR(__xludf.DUMMYFUNCTION("""COMPUTED_VALUE"""),342798.9636) -> 342798.96
A99: =IFERROR(__xludf.DUMMYFUNCTION("""COMPUTED_VALUE"""),45963.99861111111) -> 45963.999 | B99: =IFERROR(__xludf.DUMMYFUNCTION("""COMPUTED_VALUE"""),344465.8137) -> 344465.81
A100: =IFERROR(__xludf.DUMMYFUNCTION("""COMPUTED_VALUE"""),45964.99861111111) -> 45964.999 | B100: =IFERROR(__xludf.DUMMYFUNCTION("""COMPUTED_VALUE"""),332006.5096) -> 332006.51
...

Sheet Solana
A1: =IFERROR(__xludf.DUMMYFUNCTION("GOOGLEFINANCE(""CURRENCY:SOLINR"", ""price"", DATE(2025,7,28), DATE(2026,7,28), ""DAILY"")"),"Date") -> Date | B1: =IFERROR(__xludf.DUMMYFUNCTION("""COMPUTED_VALUE"""),"Close") -> Close
A2: =IFERROR(__xludf.DUMMYFUNCTION("""COMPUTED_VALUE"""),45866.99861111111) -> 45866.999 | B2: =IFERROR(__xludf.DUMMYFUNCTION("""COMPUTED_VALUE"""),16378.28273) -> 16378.283
A3: =IFERROR(__xludf.DUMMYFUNCTION("""COMPUTED_VALUE"""),45867.99861111111) -> 45867.999 | B3: =IFERROR(__xludf.DUMMYFUNCTION("""COMPUTED_VALUE"""),15901.19672) -> 15901.197
A4: =IFERROR(__xludf.DUMMYFUNCTION("""COMPUTED_VALUE"""),45868.99861111111) -> 45868.999 | B4: =IFERROR(__xludf.DUMMYFUNCTION("""COMPUTED_VALUE"""),15906.72693) -> 15906.727
A5: =IFERROR(__xludf.DUMMYFUNCTION("""COMPUTED_VALUE"""),45869.99861111111) -> 45869.999 | B5: =IFERROR(__xludf.DUMMYFUNCTION("""COMPUTED_VALUE"""),15546.93637) -> 15546.936
A6: =IFERROR(__xludf.DUMMYFUNCTION("""COMPUTED_VALUE"""),45870.99861111111) -> 45870.999 | B6: =IFERROR(__xludf.DUMMYFUNCTION("""COMPUTED_VALUE"""),15016.83161) -> 15016.832
A7: =IFERROR(__xludf.DUMMYFUNCTION("""COMPUTED_VALUE"""),45871.99861111111) -> 45871.999 | B7: =IFERROR(__xludf.DUMMYFUNCTION("""COMPUTED_VALUE"""),14188.62761) -> 14188.628
A8: =IFERROR(__xludf.DUMMYFUNCTION("""COMPUTED_VALUE"""),45872.99861111111) -> 45872.999 | B8: =IFERROR(__xludf.DUMMYFUNCTION("""COMPUTED_VALUE"""),13826.34723) -> 13826.347
A9: =IFERROR(__xludf.DUMMYFUNCTION("""COMPUTED_VALUE"""),45873.99861111111) -> 45873.999 | B9: =IFERROR(__xludf.DUMMYFUNCTION("""COMPUTED_VALUE"""),14235.40102) -> 14235.401
A10: =IFERROR(__xludf.DUMMYFUNCTION("""COMPUTED_VALUE"""),45874.99861111111) -> 45874.999 | B10: =IFERROR(__xludf.DUMMYFUNCTION("""COMPUTED_VALUE"""),14863.80206) -> 14863.802
A11: =IFERROR(__xludf.DUMMYFUNCTION("""COMPUTED_VALUE"""),45875.99861111111) -> 45875.999 | B11: =IFERROR(__xludf.DUMMYFUNCTION("""COMPUTED_VALUE"""),14401.45764) -> 14401.458
A12: =IFERROR(__xludf.DUMMYFUNCTION("""COMPUTED_VALUE"""),45876.99861111111) -> 45876.999 | B12: =IFERROR(__xludf.DUMMYFUNCTION("""COMPUTED_VALUE"""),14703.68496) -> 14703.685
A13: =IFERROR(__xludf.DUMMYFUNCTION("""COMPUTED_VALUE"""),45877.99861111111) -> 45877.999 | B13: =IFERROR(__xludf.DUMMYFUNCTION("""COMPUTED_VALUE"""),15386.3756) -> 15386.376
A14: =IFERROR(__xludf.DUMMYFUNCTION("""COMPUTED_VALUE"""),45878.99861111111) -> 45878.999 | B14: =IFERROR(__xludf.DUMMYFUNCTION("""COMPUTED_VALUE"""),15499.05034) -> 15499.05
A15: =IFERROR(__xludf.DUMMYFUNCTION("""COMPUTED_VALUE"""),45879.99861111111) -> 45879.999 | B15: =IFERROR(__xludf.DUMMYFUNCTION("""COMPUTED_VALUE"""),15763.45816) -> 15763.458
A16: =IFERROR(__xludf.DUMMYFUNCTION("""COMPUTED_VALUE"""),45880.99861111111) -> 45880.999 | B16: =IFERROR(__xludf.DUMMYFUNCTION("""COMPUTED_VALUE"""),16031.80323) -> 16031.803
A17: =IFERROR(__xludf.DUMMYFUNCTION("""COMPUTED_VALUE"""),45881.99861111111) -> 45881.999 | B17: =IFERROR(__xludf.DUMMYFUNCTION("""COMPUTED_VALUE"""),15325.9364) -> 15325.936
A18: =IFERROR(__xludf.DUMMYFUNCTION("""COMPUTED_VALUE"""),45882.99861111111) -> 45882.999 | B18: =IFERROR(__xludf.DUMMYFUNCTION("""COMPUTED_VALUE"""),16774.69398) -> 16774.694
A19: =IFERROR(__xludf.DUMMYFUNCTION("""COMPUTED_VALUE"""),45883.99861111111) -> 45883.999 | B19: =IFERROR(__xludf.DUMMYFUNCTION("""COMPUTED_VALUE"""),17683.46362) -> 17683.464
A20: =IFERROR(__xludf.DUMMYFUNCTION("""COMPUTED_VALUE"""),45884.99861111111) -> 45884.999 | B20: =IFERROR(__xludf.DUMMYFUNCTION("""COMPUTED_VALUE"""),16854.63803) -> 16854.638
A21: =IFERROR(__xludf.DUMMYFUNCTION("""COMPUTED_VALUE"""),45885.99861111111) -> 45885.999 | B21: =IFERROR(__xludf.DUMMYFUNCTION("""COMPUTED_VALUE"""),16258.8717) -> 16258.872
A22: =IFERROR(__xludf.DUMMYFUNCTION("""COMPUTED_VALUE"""),45886.99861111111) -> 45886.999 | B22: =IFERROR(__xludf.DUMMYFUNCTION("""COMPUTED_VALUE"""),16606.70021) -> 16606.7
A23: =IFERROR(__xludf.DUMMYFUNCTION("""COMPUTED_VALUE"""),45887.99861111111) -> 45887.999 | B23: =IFERROR(__xludf.DUMMYFUNCTION("""COMPUTED_VALUE"""),16687.78525) -> 16687.785
A24: =IFERROR(__xludf.DUMMYFUNCTION("""COMPUTED_VALUE"""),45888.99861111111) -> 45888.999 | B24: =IFERROR(__xludf.DUMMYFUNCTION("""COMPUTED_VALUE"""),15941.0919) -> 15941.092
A25: =IFERROR(__xludf.DUMMYFUNCTION("""COMPUTED_VALUE"""),45889.99861111111) -> 45889.999 | B25: =IFERROR(__xludf.DUMMYFUNCTION("""COMPUTED_VALUE"""),15326.05436) -> 15326.054
A26: =IFERROR(__xludf.DUMMYFUNCTION("""COMPUTED_VALUE"""),45890.99861111111) -> 45890.999 | B26: =IFERROR(__xludf.DUMMYFUNCTION("""COMPUTED_VALUE"""),16377.20206) -> 16377.202
A27: =IFERROR(__xludf.DUMMYFUNCTION("""COMPUTED_VALUE"""),45891.99861111111) -> 45891.999 | B27: =IFERROR(__xludf.DUMMYFUNCTION("""COMPUTED_VALUE"""),15744.17552) -> 15744.176
A28: =IFERROR(__xludf.DUMMYFUNCTION("""COMPUTED_VALUE"""),45892.99861111111) -> 45892.999 | B28: =IFERROR(__xludf.DUMMYFUNCTION("""COMPUTED_VALUE"""),17522.86929) -> 17522.869
A29: =IFERROR(__xludf.DUMMYFUNCTION("""COMPUTED_VALUE"""),45893.99861111111) -> 45893.999 | B29: =IFERROR(__xludf.DUMMYFUNCTION("""COMPUTED_VALUE"""),17810.70317) -> 17810.703
A30: =IFERROR(__xludf.DUMMYFUNCTION("""COMPUTED_VALUE"""),45894.99861111111) -> 45894.999 | B30: =IFERROR(__xludf.DUMMYFUNCTION("""COMPUTED_VALUE"""),18033.41555) -> 18033.416
A31: =IFERROR(__xludf.DUMMYFUNCTION("""COMPUTED_VALUE"""),45895.99861111111) -> 45895.999 | B31: =IFERROR(__xludf.DUMMYFUNCTION("""COMPUTED_VALUE"""),16406.93658) -> 16406.937
A32: =IFERROR(__xludf.DUMMYFUNCTION("""COMPUTED_VALUE"""),45896.99861111111) -> 45896.999 | B32: =IFERROR(__xludf.DUMMYFUNCTION("""COMPUTED_VALUE"""),17173.09266) -> 17173.093
A33: =IFERROR(__xludf.DUMMYFUNCTION("""COMPUTED_VALUE"""),45897.99861111111) -> 45897.999 | B33: =IFERROR(__xludf.DUMMYFUNCTION("""COMPUTED_VALUE"""),17776.13113) -> 17776.131
A34: =IFERROR(__xludf.DUMMYFUNCTION("""COMPUTED_VALUE"""),45898.99861111111) -> 45898.999 | B34: =IFERROR(__xludf.DUMMYFUNCTION("""COMPUTED_VALUE"""),18904.29965) -> 18904.3
A35: =IFERROR(__xludf.DUMMYFUNCTION("""COMPUTED_VALUE"""),45899.99861111111) -> 45899.999 | B35: =IFERROR(__xludf.DUMMYFUNCTION("""COMPUTED_VALUE"""),18088.2271) -> 18088.227
A36: =IFERROR(__xludf.DUMMYFUNCTION("""COMPUTED_VALUE"""),45900.99861111111) -> 45900.999 | B36: =IFERROR(__xludf.DUMMYFUNCTION("""COMPUTED_VALUE"""),17885.94513) -> 17885.945
A37: =IFERROR(__xludf.DUMMYFUNCTION("""COMPUTED_VALUE"""),45901.99861111111) -> 45901.999 | B37: =IFERROR(__xludf.DUMMYFUNCTION("""COMPUTED_VALUE"""),17676.67401) -> 17676.674
A38: =IFERROR(__xludf.DUMMYFUNCTION("""COMPUTED_VALUE"""),45902.99861111111) -> 45902.999 | B38: =IFERROR(__xludf.DUMMYFUNCTION("""COMPUTED_VALUE"""),17347.09607) -> 17347.096
A39: =IFERROR(__xludf.DUMMYFUNCTION("""COMPUTED_VALUE"""),45903.99861111111) -> 45903.999 | B39: =IFERROR(__xludf.DUMMYFUNCTION("""COMPUTED_VALUE"""),18450.80909) -> 18450.809
A40: =IFERROR(__xludf.DUMMYFUNCTION("""COMPUTED_VALUE"""),45904.99861111111) -> 45904.999 | B40: =IFERROR(__xludf.DUMMYFUNCTION("""COMPUTED_VALUE"""),18587.24456) -> 18587.245
A41: =IFERROR(__xludf.DUMMYFUNCTION("""COMPUTED_VALUE"""),45905.99861111111) -> 45905.999 | B41: =IFERROR(__xludf.DUMMYFUNCTION("""COMPUTED_VALUE"""),17857.37249) -> 17857.372
A42: =IFERROR(__xludf.DUMMYFUNCTION("""COMPUTED_VALUE"""),45906.99861111111) -> 45906.999 | B42: =IFERROR(__xludf.DUMMYFUNCTION("""COMPUTED_VALUE"""),17943.94964) -> 17943.95
A43: =IFERROR(__xludf.DUMMYFUNCTION("""COMPUTED_VALUE"""),45907.99861111111) -> 45907.999 | B43: =IFERROR(__xludf.DUMMYFUNCTION("""COMPUTED_VALUE"""),17657.76331) -> 17657.763
A44: =IFERROR(__xludf.DUMMYFUNCTION("""COMPUTED_VALUE"""),45908.99861111111) -> 45908.999 | B44: =IFERROR(__xludf.DUMMYFUNCTION("""COMPUTED_VALUE"""),18163.11672) -> 18163.117
A45: =IFERROR(__xludf.DUMMYFUNCTION("""COMPUTED_VALUE"""),45909.99861111111) -> 45909.999 | B45: =IFERROR(__xludf.DUMMYFUNCTION("""COMPUTED_VALUE"""),18893.21928) -> 18893.219
A46: =IFERROR(__xludf.DUMMYFUNCTION("""COMPUTED_VALUE"""),45910.99861111111) -> 45910.999 | B46: =IFERROR(__xludf.DUMMYFUNCTION("""COMPUTED_VALUE"""),19126.7306) -> 19126.731
A47: =IFERROR(__xludf.DUMMYFUNCTION("""COMPUTED_VALUE"""),45911.99861111111) -> 45911.999 | B47: =IFERROR(__xludf.DUMMYFUNCTION("""COMPUTED_VALUE"""),19772.13658) -> 19772.137
A48: =IFERROR(__xludf.DUMMYFUNCTION("""COMPUTED_VALUE"""),45912.99861111111) -> 45912.999 | B48: =IFERROR(__xludf.DUMMYFUNCTION("""COMPUTED_VALUE"""),20195.2842) -> 20195.284
A49: =IFERROR(__xludf.DUMMYFUNCTION("""COMPUTED_VALUE"""),45913.99861111111) -> 45913.999 | B49: =IFERROR(__xludf.DUMMYFUNCTION("""COMPUTED_VALUE"""),21386.69997) -> 21386.7
A50: =IFERROR(__xludf.DUMMYFUNCTION("""COMPUTED_VALUE"""),45914.99861111111) -> 45914.999 | B50: =IFERROR(__xludf.DUMMYFUNCTION("""COMPUTED_VALUE"""),21411.80918) -> 21411.809
A51: =IFERROR(__xludf.DUMMYFUNCTION("""COMPUTED_VALUE"""),45915.99861111111) -> 45915.999 | B51: =IFERROR(__xludf.DUMMYFUNCTION("""COMPUTED_VALUE"""),21191.41053) -> 21191.411
A52: =IFERROR(__xludf.DUMMYFUNCTION("""COMPUTED_VALUE"""),45916.99861111111) -> 45916.999 | B52: =IFERROR(__xludf.DUMMYFUNCTION("""COMPUTED_VALUE"""),20599.33291) -> 20599.333
A53: =IFERROR(__xludf.DUMMYFUNCTION("""COMPUTED_VALUE"""),45917.99861111111) -> 45917.999 | B53: =IFERROR(__xludf.DUMMYFUNCTION("""COMPUTED_VALUE"""),20835.0293) -> 20835.029
A54: =IFERROR(__xludf.DUMMYFUNCTION("""COMPUTED_VALUE"""),45918.99861111111) -> 45918.999 | B54: =IFERROR(__xludf.DUMMYFUNCTION("""COMPUTED_VALUE"""),21599.42647) -> 21599.426
A55: =IFERROR(__xludf.DUMMYFUNCTION("""COMPUTED_VALUE"""),45919.99861111111) -> 45919.999 | B55: =IFERROR(__xludf.DUMMYFUNCTION("""COMPUTED_VALUE"""),21815.44272) -> 21815.443
A56: =IFERROR(__xludf.DUMMYFUNCTION("""COMPUTED_VALUE"""),45920.99861111111) -> 45920.999 | B56: =IFERROR(__xludf.DUMMYFUNCTION("""COMPUTED_VALUE"""),21015.5806) -> 21015.581
A57: =IFERROR(__xludf.DUMMYFUNCTION("""COMPUTED_VALUE"""),45921.99861111111) -> 45921.999 | B57: =IFERROR(__xludf.DUMMYFUNCTION("""COMPUTED_VALUE"""),21107.81066) -> 21107.811
A58: =IFERROR(__xludf.DUMMYFUNCTION("""COMPUTED_VALUE"""),45922.99861111111) -> 45922.999 | B58: =IFERROR(__xludf.DUMMYFUNCTION("""COMPUTED_VALUE"""),20887.23137) -> 20887.231
A59: =IFERROR(__xludf.DUMMYFUNCTION("""COMPUTED_VALUE"""),45923.99861111111) -> 45923.999 | B59: =IFERROR(__xludf.DUMMYFUNCTION("""COMPUTED_VALUE"""),19582.24392) -> 19582.244
A60: =IFERROR(__xludf.DUMMYFUNCTION("""COMPUTED_VALUE"""),45924.99861111111) -> 45924.999 | B60: =IFERROR(__xludf.DUMMYFUNCTION("""COMPUTED_VALUE"""),18969.71408) -> 18969.714
A61: =IFERROR(__xludf.DUMMYFUNCTION("""COMPUTED_VALUE"""),45925.99861111111) -> 45925.999 | B61: =IFERROR(__xludf.DUMMYFUNCTION("""COMPUTED_VALUE"""),18797.7128) -> 18797.713
A62: =IFERROR(__xludf.DUMMYFUNCTION("""COMPUTED_VALUE"""),45926.99861111111) -> 45926.999 | B62: =IFERROR(__xludf.DUMMYFUNCTION("""COMPUTED_VALUE"""),17069.06738) -> 17069.067
A63: =IFERROR(__xludf.DUMMYFUNCTION("""COMPUTED_VALUE"""),45927.99861111111) -> 45927.999 | B63: =IFERROR(__xludf.DUMMYFUNCTION("""COMPUTED_VALUE"""),18208.31496) -> 18208.315
A64: =IFERROR(__xludf.DUMMYFUNCTION("""COMPUTED_VALUE"""),45928.99861111111) -> 45928.999 | B64: =IFERROR(__xludf.DUMMYFUNCTION("""COMPUTED_VALUE"""),18053.31066) -> 18053.311
A65: =IFERROR(__xludf.DUMMYFUNCTION("""COMPUTED_VALUE"""),45929.99861111111) -> 45929.999 | B65: =IFERROR(__xludf.DUMMYFUNCTION("""COMPUTED_VALUE"""),18697.55142) -> 18697.551
A66: =IFERROR(__xludf.DUMMYFUNCTION("""COMPUTED_VALUE"""),45930.99861111111) -> 45930.999 | B66: =IFERROR(__xludf.DUMMYFUNCTION("""COMPUTED_VALUE"""),18926.15187) -> 18926.152
A67: =IFERROR(__xludf.DUMMYFUNCTION("""COMPUTED_VALUE"""),45931.99861111111) -> 45931.999 | B67: =IFERROR(__xludf.DUMMYFUNCTION("""COMPUTED_VALUE"""),18511.37016) -> 18511.37
A68: =IFERROR(__xludf.DUMMYFUNCTION("""COMPUTED_VALUE"""),45932.99861111111) -> 45932.999 | B68: =IFERROR(__xludf.DUMMYFUNCTION("""COMPUTED_VALUE"""),19667.84881) -> 19667.849
A69: =IFERROR(__xludf.DUMMYFUNCTION("""COMPUTED_VALUE"""),45933.99861111111) -> 45933.999 | B69: =IFERROR(__xludf.DUMMYFUNCTION("""COMPUTED_VALUE"""),20838.22256) -> 20838.223
A70: =IFERROR(__xludf.DUMMYFUNCTION("""COMPUTED_VALUE"""),45934.99861111111) -> 45934.999 | B70: =IFERROR(__xludf.DUMMYFUNCTION("""COMPUTED_VALUE"""),20672.54151) -> 20672.542
A71: =IFERROR(__xludf.DUMMYFUNCTION("""COMPUTED_VALUE"""),45935.99861111111) -> 45935.999 | B71: =IFERROR(__xludf.DUMMYFUNCTION("""COMPUTED_VALUE"""),20230.43149) -> 20230.431
A72: =IFERROR(__xludf.DUMMYFUNCTION("""COMPUTED_VALUE"""),45936.99861111111) -> 45936.999 | B72: =IFERROR(__xludf.DUMMYFUNCTION("""COMPUTED_VALUE"""),20281.74105) -> 20281.741
A73: =IFERROR(__xludf.DUMMYFUNCTION("""COMPUTED_VALUE"""),45937.99861111111) -> 45937.999 | B73: =IFERROR(__xludf.DUMMYFUNCTION("""COMPUTED_VALUE"""),20633.79927) -> 20633.799
A74: =IFERROR(__xludf.DUMMYFUNCTION("""COMPUTED_VALUE"""),45938.99861111111) -> 45938.999 | B74: =IFERROR(__xludf.DUMMYFUNCTION("""COMPUTED_VALUE"""),19573.38399) -> 19573.384
A75: =IFERROR(__xludf.DUMMYFUNCTION("""COMPUTED_VALUE"""),45939.99861111111) -> 45939.999 | B75: =IFERROR(__xludf.DUMMYFUNCTION("""COMPUTED_VALUE"""),20359.44526) -> 20359.445
A76: =IFERROR(__xludf.DUMMYFUNCTION("""COMPUTED_VALUE"""),45940.99861111111) -> 45940.999 | B76: =IFERROR(__xludf.DUMMYFUNCTION("""COMPUTED_VALUE"""),19614.60195) -> 19614.602
A77: =IFERROR(__xludf.DUMMYFUNCTION("""COMPUTED_VALUE"""),45941.99861111111) -> 45941.999 | B77: =IFERROR(__xludf.DUMMYFUNCTION("""COMPUTED_VALUE"""),16745.75785) -> 16745.758
A78: =IFERROR(__xludf.DUMMYFUNCTION("""COMPUTED_VALUE"""),45942.99861111111) -> 45942.999 | B78: =IFERROR(__xludf.DUMMYFUNCTION("""COMPUTED_VALUE"""),15799.62484) -> 15799.625
A79: =IFERROR(__xludf.DUMMYFUNCTION("""COMPUTED_VALUE"""),45943.99861111111) -> 45943.999 | B79: =IFERROR(__xludf.DUMMYFUNCTION("""COMPUTED_VALUE"""),17506.53386) -> 17506.534
A80: =IFERROR(__xludf.DUMMYFUNCTION("""COMPUTED_VALUE"""),45944.99861111111) -> 45944.999 | B80: =IFERROR(__xludf.DUMMYFUNCTION("""COMPUTED_VALUE"""),18505.14955) -> 18505.15
A81: =IFERROR(__xludf.DUMMYFUNCTION("""COMPUTED_VALUE"""),45945.99861111111) -> 45945.999 | B81: =IFERROR(__xludf.DUMMYFUNCTION("""COMPUTED_VALUE"""),17778.37676) -> 17778.377
A82: =IFERROR(__xludf.DUMMYFUNCTION("""COMPUTED_VALUE"""),45946.99861111111) -> 45946.999 | B82: =IFERROR(__xludf.DUMMYFUNCTION("""COMPUTED_VALUE"""),17069.57106) -> 17069.571
A83: =IFERROR(__xludf.DUMMYFUNCTION("""COMPUTED_VALUE"""),45947.99861111111) -> 45947.999 | B83: =IFERROR(__xludf.DUMMYFUNCTION("""COMPUTED_VALUE"""),16254.88887) -> 16254.889
A84: =IFERROR(__xludf.DUMMYFUNCTION("""COMPUTED_VALUE"""),45948.99861111111) -> 45948.999 | B84: =IFERROR(__xludf.DUMMYFUNCTION("""COMPUTED_VALUE"""),16018.76668) -> 16018.767
A85: =IFERROR(__xludf.DUMMYFUNCTION("""COMPUTED_VALUE"""),45949.99861111111) -> 45949.999 | B85: =IFERROR(__xludf.DUMMYFUNCTION("""COMPUTED_VALUE"""),16515.46204) -> 16515.462
A86: =IFERROR(__xludf.DUMMYFUNCTION("""COMPUTED_VALUE"""),45950.99861111111) -> 45950.999 | B86: =IFERROR(__xludf.DUMMYFUNCTION("""COMPUTED_VALUE"""),16506.03463) -> 16506.035
A87: =IFERROR(__xludf.DUMMYFUNCTION("""COMPUTED_VALUE"""),45951.99861111111) -> 45951.999 | B87: =IFERROR(__xludf.DUMMYFUNCTION("""COMPUTED_VALUE"""),16699.35961) -> 16699.36
A88: =IFERROR(__xludf.DUMMYFUNCTION("""COMPUTED_VALUE"""),45952.99861111111) -> 45952.999 | B88: =IFERROR(__xludf.DUMMYFUNCTION("""COMPUTED_VALUE"""),16290.24138) -> 16290.241
A89: =IFERROR(__xludf.DUMMYFUNCTION("""COMPUTED_VALUE"""),45953.99861111111) -> 45953.999 | B89: =IFERROR(__xludf.DUMMYFUNCTION("""COMPUTED_VALUE"""),15813.5624) -> 15813.562
A90: =IFERROR(__xludf.DUMMYFUNCTION("""COMPUTED_VALUE"""),45954.99861111111) -> 45954.999 | B90: =IFERROR(__xludf.DUMMYFUNCTION("""COMPUTED_VALUE"""),16807.8663) -> 16807.866
A91: =IFERROR(__xludf.DUMMYFUNCTION("""COMPUTED_VALUE"""),45955.99861111111) -> 45955.999 | B91: =IFERROR(__xludf.DUMMYFUNCTION("""COMPUTED_VALUE"""),16996.5663) -> 16996.566
A92: =IFERROR(__xludf.DUMMYFUNCTION("""COMPUTED_VALUE"""),45956.99861111111) -> 45956.999 | B92: =IFERROR(__xludf.DUMMYFUNCTION("""COMPUTED_VALUE"""),17040.71432) -> 17040.714
A93: =IFERROR(__xludf.DUMMYFUNCTION("""COMPUTED_VALUE"""),45957.99861111111) -> 45957.999 | B93: =IFERROR(__xludf.DUMMYFUNCTION("""COMPUTED_VALUE"""),17646.14915) -> 17646.149
A94: =IFERROR(__xludf.DUMMYFUNCTION("""COMPUTED_VALUE"""),45958.99861111111) -> 45958.999 | B94: =IFERROR(__xludf.DUMMYFUNCTION("""COMPUTED_VALUE"""),17533.67119) -> 17533.671
A95: =IFERROR(__xludf.DUMMYFUNCTION("""COMPUTED_VALUE"""),45959.99861111111) -> 45959.999 | B95: =IFERROR(__xludf.DUMMYFUNCTION("""COMPUTED_VALUE"""),17174.99422) -> 17174.994
A96: =IFERROR(__xludf.DUMMYFUNCTION("""COMPUTED_VALUE"""),45960.99861111111) -> 45960.999 | B96: =IFERROR(__xludf.DUMMYFUNCTION("""COMPUTED_VALUE"""),17224.73237) -> 17224.732
A97: =IFERROR(__xludf.DUMMYFUNCTION("""COMPUTED_VALUE"""),45961.99861111111) -> 45961.999 | B97: =IFERROR(__xludf.DUMMYFUNCTION("""COMPUTED_VALUE"""),16393.1498) -> 16393.15
A98: =IFERROR(__xludf.DUMMYFUNCTION("""COMPUTED_VALUE"""),45962.99861111111) -> 45962.999 | B98: =IFERROR(__xludf.DUMMYFUNCTION("""COMPUTED_VALUE"""),16619.47396) -> 16619.474
A99: =IFERROR(__xludf.DUMMYFUNCTION("""COMPUTED_VALUE"""),45963.99861111111) -> 45963.999 | B99: =IFERROR(__xludf.DUMMYFUNCTION("""COMPUTED_VALUE"""),16543.03834) -> 16543.038
A100: =IFERROR(__xludf.DUMMYFUNCTION("""COMPUTED_VALUE"""),45964.99861111111) -> 45964.999 | B100: =IFERROR(__xludf.DUMMYFUNCTION("""COMPUTED_VALUE"""),16663.53213) -> 16663.532
...

Sheet Summary
A1: Asset | B1: Starting Price (INR) | C1: Ending Price (INR) | D1: 1-Year Return (%) | E1: 52-Week High (INR) | F1: 52-Week Low (INR)
A2: Bitcoin | B2: =Bitcoin!B2 -> 10351153 | C2: {=INDEX(Bitcoin!B:B, COUNTA(Bitcoin!B:B))} -> 6247126.2 | D2: =(C2-B2)/B2 -> -0.39648017 | E2: =MAX(Bitcoin!B2:B1000) -> 11031646 | F2: =MIN(Bitcoin!B2:B1000) -> 5639316.4
A3: Ethereum | B3: =Ethereum!B2 -> 336552.53 | C3: {=INDEX(Ethereum!B:B, COUNTA(Ethereum!B:B))} -> 186476.72 | D3: =(C3-B3)/B3 -> -0.44592092 | E3: =MAX(Ethereum!B2:B1000) -> 419789.14 | F3: =MIN(Ethereum!B2:B1000) -> 146702.79
A4: Solana | B4: =Solana!B2 -> 16378.283 | C4: {=INDEX(Solana!B:B, COUNTA(Solana!B:B))} -> 7337.5603 | D4: =(C4-B4)/B4 -> -0.55199453 | E4: =MAX(Solana!B2:B1000) -> 21815.443 | F4: =MIN(Solana!B2:B1000) -> 5904.5983
